Date,Open,High,Low,Close,Shares Traded,Turnover (â‚¹ Cr),Daily_Return,7-Day_MA,30-Day_MA,Volatility,RSI,Upper_Band,Lower_Band
2023-10-16,19737.25,19781.3,19691.85,19731.75,180964341.0,14746.01,,,,,,,
2023-10-17,19843.2,19849.75,19775.65,19811.5,185846716.0,16839.87,0.004041709427698992,,,,,,
2023-10-18,19820.45,19840.95,19659.95,19671.1,198942937.0,18581.64,-0.007086793024253635,,,,,,
2023-10-19,19545.2,19681.8,19512.35,19624.7,230312163.0,23582.01,-0.002358790306591807,,,,,,
2023-10-20,19542.15,19593.8,19518.7,19542.65,198341255.0,17944.31,-0.0041809556324428065,,,,,,
2023-10-23,19521.6,19556.85,19257.85,19281.75,176044288.0,16212.9,-0.013350287704072983,,,,,,
2023-10-25,19286.45,19347.3,19074.15,19122.15,225291741.0,19818.32,-0.008277256991714887,19540.8,,,,20041.55665414117,19040.043345858827
2023-10-26,19027.25,19041.7,18837.85,18857.25,300356469.0,28939.64,-0.013853044767455636,19415.87142857143,,,,20097.860922276286,18733.881934866575
2023-10-27,18928.75,19076.15,18926.65,19047.25,205201044.0,19947.48,0.010075700327460302,19306.692857142858,,,,19935.75807482321,18677.627639462506
2023-10-30,19053.4,19158.5,18940.0,19140.9,180132492.0,17095.73,0.004916720261455065,19230.95,,,,19777.52748154614,18684.37251845386
2023-10-31,19232.95,19233.7,19056.45,19079.6,206049341.0,19397.36,-0.0032025662325179116,19153.07857142857,,,,19580.11522815778,18726.04191469936
2023-11-01,19064.05,19096.05,18973.7,18989.15,194103279.0,18452.51,-0.004740665422755086,19074.007142857146,,,,19338.432434313712,18809.58185140058
2023-11-02,19120.0,19175.25,19064.15,19133.25,245595109.0,19771.49,0.007588543984327734,19052.79285714286,,,,19256.23556348027,18849.35015080545
2023-11-03,19241.0,19276.25,19210.9,19230.6,189516123.0,17304.87,0.005088001254360819,19068.285714285714,,,35.72589609265842,19309.405558030696,18827.16587054073
2023-11-06,19345.85,19423.0,19309.7,19411.75,180690631.0,16296.56,0.009419882894969644,19147.5,,,41.892619147286126,19426.445024452223,18868.554975547777
2023-11-07,19404.05,19423.5,19329.1,19406.7,198660124.0,18288.06,-0.0002601517122361452,19198.850000000002,,,39.289300816869265,19520.71157480091,18876.988425199095
2023-11-08,19449.6,19464.4,19401.5,19443.5,194967997.0,17060.45,0.0018962523252279428,19242.07857142857,,,43.700949219502,19606.136043343555,18878.021099513586
2023-11-09,19457.4,19463.9,19378.35,19395.3,208418472.0,19087.29,-0.0024789775503382128,19287.178571428572,,,43.64215200671997,19635.16919801277,18939.187944844376
2023-11-10,19351.85,19451.3,19329.45,19425.35,152215785.0,12916.21,0.001549344428804833,19349.492857142857,,,46.753936580907805,19587.169159625646,19111.81655466007
2023-11-12,19547.25,19547.25,19510.25,19525.55,37311902.0,2482.27,0.005158208217612481,19405.535714285714,,,58.20326037302615,19582.518893470267,19228.55253510116
2023-11-13,19486.75,19494.4,19414.75,19443.55,189275733.0,13527.22,-0.004199625618740543,19435.95714285714,,,61.392012522337076,19522.93954392324,19348.97474179104
2023-11-15,19651.4,19693.2,19579.65,19675.45,291464988.0,24957.24,0.011926834348665816,19473.62857142857,,,79.4735395067379,19670.58168646815,19276.675456388988
2023-11-16,19674.7,19875.25,19627.0,19765.2,282686669.0,26041.45,0.004561522099875814,19524.842857142856,,,77.78386746882276,19808.109441997516,19241.576272288195
2023-11-17,19674.75,19806.0,19667.45,19731.8,236827462.0,21681.28,-0.0016898387064133713,19566.028571428575,,,74.00922610713485,19876.620151359188,19255.43699149796
2023-11-20,19731.15,19756.45,19670.5,19694.0,173780543.0,16737.05,-0.001915689394784037,19608.7,,,75.53372370991531,19890.578437155662,19326.82156284434
2023-11-21,19770.9,19829.1,19754.05,19783.4,194969012.0,17947.2,0.004539453640702851,19659.850000000002,,,83.06746571096201,19915.156077744574,19404.54392225543
2023-11-22,19784.0,19825.55,19703.85,19811.85,184497984.0,17405.48,0.0014380743451578581,19700.75,,,81.21180653495774,19947.231412416124,19454.268587583876
2023-11-23,19828.45,19875.15,19786.75,19802.0,170024085.0,15906.94,-0.0004971771944567438,19751.957142857143,,,78.57318270949473,19858.020495443623,19645.893790270664
2023-11-24,19809.6,19832.85,19768.85,19794.7,145895044.0,14389.29,-0.00036864963135030404,19768.992857142857,,,73.1399158674451,19853.909491331236,19684.076222954478
2023-11-28,19844.65,19916.85,19800.0,19889.7,229595031.0,23043.25,0.004799264449574903,19786.778571428575,19475.446666666667,,76.28622689624207,19911.030356890413,19662.526785966736
2023-11-29,19976.55,20104.65,19956.3,20096.6,236241768.0,22367.64,0.0104023690653956,19838.89285714286,19487.608333333334,0.006505331451415293,79.91904127063492,20093.337536320636,19584.44817796508
2023-11-30,20108.5,20158.7,20015.85,20133.15,486585349.0,48877.95,0.0018187156036346686,19901.62857142857,19498.33,0.0064777483284436015,84.1957214800182,20201.80194276107,19601.45520009607
2023-12-01,20194.1,20291.55,20183.7,20267.9,265812566.0,22461.53,0.0066929417403636116,19970.84285714286,19518.223333333335,0.006405171902097459,85.55038004777478,20355.37592649912,19586.3097877866
2023-12-04,20601.95,20702.65,20507.75,20686.8,381107418.0,33917.52,0.020668150129021567,20095.835714285717,19553.626666666663,0.007303461269170807,88.51804150717653,20728.160485043794,19463.51094352764
2023-12-05,20808.9,20864.05,20711.15,20855.1,421008350.0,41763.52,0.00813562271593482,20246.278571428575,19597.375,0.007302756870298694,94.37241942286266,21034.29861317272,19458.25852968443
2023-12-06,20950.75,20961.95,20852.15,20937.7,359212958.0,35654.76,0.003960661900446416,20409.56428571429,19652.573333333337,0.006690342287689282,93.74531843481424,21233.768222278286,19585.36034915029
2023-12-07,20932.4,20941.25,20850.8,20901.15,274985308.0,24862.43,-0.001745654966877841,20554.057142857142,19711.873333333337,0.006419163111985491,90.94683999265521,21304.26535046479,19803.848935249494
2023-12-08,20934.1,21006.1,20862.7,20969.4,292440768.0,27449.96,0.0032653705657343934,20678.742857142857,19782.278333333332,0.005575814984487411,93.55542595274918,21361.206771765366,19996.27894252035
2023-12-11,20965.3,21026.1,20923.7,20997.1,212921451.0,21150.17,0.0013209724646388032,20802.16428571429,19847.273333333334,0.005450742627772111,96.2507302589133,21315.769356802568,20288.559214626013
2023-12-12,21018.55,21037.9,20867.15,20906.4,244867128.0,25404.64,-0.004319644141333678,20893.37857142857,19906.123333333333,0.005612862431215016,90.01757220647163,21098.108782984633,20688.648359872506
2023-12-13,20929.75,20950.0,20769.5,20926.35,260269318.0,25918.44,0.0009542532430260042,20927.600000000002,19967.681666666667,0.005505762316306227,89.94752510137805,21021.003622342225,20834.19637765778
2023-12-14,21110.4,21210.9,21074.45,21182.7,334410589.0,32593.42,0.012250105727946048,20974.4,20040.8,0.005545269804775885,92.0275597436751,21170.315687648163,20778.48431235184
2023-12-15,21287.45,21492.3,21235.3,21456.65,508761756.0,50114.46,0.012932723401643864,21048.535714285714,20118.246666666666,0.005757429189165915,93.4968050132758,21457.045101017047,20640.02632755438
2023-12-18,21434.8,21482.8,21365.35,21418.65,249668965.0,23615.28,-0.0017710127163373945,21122.464285714286,20191.181666666667,0.0058418724331397096,91.31597043710153,21589.60015358103,20655.328417847544
2023-12-19,21477.65,21505.05,21337.75,21453.1,249750062.0,23750.61,0.0016084113611267714,21191.56428571429,20259.22666666667,0.0057475317871894015,90.37831065854685,21694.748485632786,20688.38008579579
2023-12-20,21543.5,21593.0,21087.35,21150.15,363886229.0,30993.12,-0.014121502253753415,21213.428571428572,20317.341666666667,0.006549356120931283,76.57758896030529,21689.764562290566,20737.09258056658
2023-12-21,21033.95,21288.35,20976.8,21255.05,277548079.0,26001.02,0.00495977569899031,21263.235714285718,20377.726666666666,0.006557167443437958,76.13640622051624,21655.19192235956,20871.279506211875
2023-12-22,21295.85,21390.5,21232.45,21349.4,284708918.0,27709.29,0.004438945097753333,21323.67142857143,20442.863333333335,0.0064792217237143665,71.02604252203588,21580.328754313658,21067.014102829202
2023-12-26,21365.2,21477.15,21329.45,21441.35,219467748.0,20081.33,0.004306912606443225,21360.62142857143,20510.063333333335,0.006474186975768924,69.48436473375835,21596.174195887987,21125.068661254874
2023-12-27,21497.65,21675.75,21495.8,21654.75,256542963.0,23059.25,0.009952731521102987,21388.92142857143,20581.036666666667,0.0065795249061958725,71.83018212545622,21710.28473210367,21067.558125039188
2023-12-28,21715.0,21801.45,21678.0,21778.7,393080755.0,35031.0,0.005723917385331179,21440.35714285714,20658.875,0.006427991288824226,75.32884495772768,21878.105683416583,21002.6086022977
2023-12-29,21737.65,21770.3,21676.9,21731.4,270922276.0,23697.88,-0.0021718468044464867,21480.114285714284,20727.406666666666,0.006328533283403078,72.30824796778175,21970.634301324557,20989.59427010401
2024-01-01,21727.75,21834.35,21680.85,21741.9,153995217.0,14184.09,0.0004831718158977427,21564.65,20793.29666666667,0.00634511902148527,72.01822757621323,21989.342947904748,21139.957052095255
2024-01-02,21751.35,21755.6,21555.65,21665.8,263711568.0,25316.13,-0.003500154080370299,21623.32857142857,20857.763333333332,0.006401600139722746,72.76363807257569,21950.76618816979,21295.89095468735
2024-01-03,21661.1,21677.0,21500.35,21517.35,311933117.0,32329.23,-0.0068518125340398806,21647.321428571428,20918.541666666668,0.0065965292697212135,66.59772112809927,21896.30346846689,21398.339388675966
2024-01-04,21605.8,21685.65,21564.55,21658.6,339172697.0,30868.15,0.006564470067178307,21678.35714285714,20981.048333333332,0.00662337659225611,64.20548737085183,21849.52675102966,21507.18753468462
2024-01-05,21705.75,21749.6,21629.2,21710.8,309303266.0,26554.49,0.002410128078453866,21686.364285714284,21044.346666666668,0.006617622899036623,58.73605720004335,21857.62430940433,21515.104262024237
2024-01-08,21747.6,21763.95,21492.9,21513.0,231452935.0,21140.94,-0.00911067302909152,21648.407142857144,21101.38,0.006956222975860207,53.07887189452562,21840.65537153195,21456.15891418234
2024-01-09,21653.6,21724.45,21517.85,21544.85,228568589.0,24055.74,0.0014805001626922998,21621.757142857143,21159.718333333334,0.006935434366833441,52.99998111376345,21812.026744813415,21431.48754090087
2024-01-10,21529.3,21641.85,21448.65,21618.7,216991926.0,20958.96,0.003427733309816494,21604.157142857144,21217.351666666666,0.006926665476393797,66.91102912469498,21762.714182315915,21445.600103398374
2024-01-11,21688.0,21726.5,21593.75,21647.2,212453866.0,23492.12,0.0013183031357111297,21601.5,21269.038333333334,0.0067801220131843065,64.95945731919508,21755.802570728287,21447.197429271713
2024-01-12,21773.55,21928.25,21715.15,21894.55,294678459.0,30565.5,0.01142642004508665,21655.385714285712,21327.751666666663,0.006970921903178878,68.52193774511252,21905.965460170428,21404.805968400997
2024-01-15,22053.15,22115.55,21963.55,22097.45,345543523.0,29523.15,0.009267146390311787,21718.07857142857,21388.736666666668,0.007035742531161969,70.64082292654427,22136.076222367556,21300.080920489585
2024-01-16,22080.5,22124.15,21969.8,22032.3,292433764.0,24435.94,-0.002948303989826928,21764.007142857143,21433.586666666666,0.006258425038181493,63.13572023330576,22244.284248386102,21283.730037328183
2024-01-17,21647.25,21851.5,21550.45,21571.95,455999867.0,47533.44,-0.02089432333437724,21772.428571428572,21457.48166666667,0.007430925591253315,44.441853132442624,22233.864059361444,21310.9930834957
2024-01-18,21414.2,21539.4,21285.55,21462.25,387341268.0,39718.84,-0.005085307540579342,21760.62857142857,21474.966666666667,0.007496352177965513,42.91440279047623,22252.447050331622,21268.810092525517
2024-01-19,21615.2,21670.6,21575.0,21622.4,343055124.0,34429.24,0.007461938985893868,21761.157142857144,21499.008333333335,0.007574398475664594,47.25662825268853,22252.27124171328,21270.04304400101
2024-01-20,21706.15,21720.3,21541.8,21571.8,162073740.0,13917.46,-0.0023401657540329523,21750.385714285716,21519.088333333333,0.007589778318737277,47.861759233287216,22256.249542189023,21244.52188638241
2024-01-23,21716.7,21750.25,21192.6,21238.8,449718534.0,48813.68,-0.015436820293160514,21656.707142857143,21527.145,0.008158599356696935,43.71852722843556,22269.54436819674,21043.869917517546
2024-01-24,21185.25,21482.35,21137.2,21453.95,407460664.0,41718.64,0.010130045011959243,21564.778571428575,21545.396666666667,0.008294904445082277,45.671808216260814,22048.55148942885,21081.0056534283
2024-01-25,21454.6,21459.0,21247.05,21352.6,418143077.0,40088.5,-0.00472407179097567,21467.678571428572,21559.604999999996,0.008358063168397701,42.37157959414201,21740.318681324068,21195.038461533077
2024-01-29,21433.1,21763.25,21429.6,21737.6,376702289.0,34516.42,0.01803059112239258,21491.342857142856,21578.10166666667,0.008693274871619706,54.875635048773866,21827.561042396504,21155.124671889207
2024-01-30,21775.75,21813.05,21501.8,21522.1,375137333.0,32916.3,-0.00991369792433383,21499.89285714286,21580.283333333333,0.008602966357919916,49.88541606667371,21835.702219870072,21164.083494415645
2024-01-31,21487.25,21741.35,21448.85,21725.7,410583065.0,41587.85,0.00946004339725226,21514.649999999998,21590.51833333333,0.008759990106415485,52.239148165206956,21883.077600305252,21146.222399694743
2024-02-01,21780.65,21832.95,21658.75,21697.45,332541208.0,34042.15,-0.0013003033273956133,21532.600000000002,21598.663333333334,0.008763529884035877,51.21990773686118,21925.455058089738,21139.744941910267
2024-02-02,21812.75,22126.8,21805.55,21853.8,442794738.0,38395.9,0.007205915902559923,21620.45714285714,21622.118333333332,0.008401226788257459,49.56226862067196,21980.384452317347,21260.529833396933
2024-02-05,21921.05,21964.3,21726.95,21771.7,440849699.0,33807.94,-0.003756783717248191,21665.850000000002,21639.340000000004,0.008414773039145947,44.055335776897884,22007.461567915023,21324.23843208498
2024-02-06,21825.2,21951.4,21737.55,21929.4,370968111.0,32910.82,0.007243348016002349,21748.25,21658.673333333332,0.008471573628458844,48.40645459281614,22004.963088875556,21491.536911124444
2024-02-07,22045.05,22053.3,21860.15,21930.5,346263704.0,30088.76,5.0160971116319786e-05,21775.807142857142,21674.978333333333,0.00844865668275946,58.33416264294393,22066.36784465386,21485.246441060423
2024-02-08,22009.65,22011.05,21665.3,21717.95,491069786.0,41082.02,-0.009691981486970147,21803.785714285714,21677.085000000003,0.008474991005081282,55.81672123730798,22004.016936578802,21603.554491992625
2024-02-09,21727.0,21804.45,21629.9,21782.5,349222850.0,31176.16,0.0029721958103781088,21811.899999999998,21677.211666666666,0.008427138087956124,53.87677313917035,22001.695723520574,21622.104276479422
2024-02-12,21800.8,21831.7,21574.75,21616.05,287436165.0,23921.14,-0.007641455296683142,21800.27142857143,21673.366666666665,0.008535121036406308,51.22129488592124,22028.810964590564,21571.731892552292
2024-02-13,21664.3,21766.8,21543.35,21743.25,365785766.0,29896.62,0.005884516366311265,21784.47857142857,21673.411666666667,0.008605446080532438,62.21799711248184,22011.02615919733,21557.930983659815
2024-02-14,21578.15,21870.85,21530.2,21840.05,359120861.0,32535.0,0.0044519563542708696,21794.242857142857,21679.219999999998,0.008615173550287809,59.89441341388068,22024.08804727875,21564.397667006964
2024-02-15,21906.55,21953.85,21794.8,21910.75,345394395.0,29559.69,0.0032371720760713263,21791.578571428574,21692.333333333332,0.008522668636084729,64.43837687185925,22014.438750742516,21568.71839211463
2024-02-16,22020.3,22068.65,21968.95,22040.7,343892935.0,30666.89,0.005930878678274354,21807.321428571428,21705.07,0.008508252201653878,58.973769593513346,22084.843138575965,21529.79971856689
2024-02-19,22103.45,22186.65,22021.05,22122.25,218252325.0,21375.71,0.0036999732313400813,21865.07857142857,21718.784999999996,0.008520869411798963,69.12788176938543,22214.715515782533,21515.441627074608
2024-02-20,22099.2,22215.6,22045.85,22196.95,295705319.0,26872.32,0.0033766908881329716,21924.285714285714,21741.583333333332,0.008329918455982525,66.30132307794197,22342.336758674217,21506.23466989721
2024-02-21,22248.85,22249.4,21997.95,22055.05,364545679.0,29741.39,-0.006392770177884866,21987.0,21758.59,0.008440079959136126,61.58148637011011,22310.221786600727,21663.778213399273
2024-02-22,22081.55,22252.5,21875.25,22217.45,343495136.0,33985.94,0.007363392964423232,22054.742857142857,21778.548333333336,0.008512369404552985,61.66587412558983,22335.54879504649,21773.936919239226
2024-02-23,22290.0,22297.5,22186.1,22212.7,225983194.0,24617.01,-0.0002137959126722322,22107.978571428568,21797.39833333333,0.008514655330929185,64.8717511021688,22334.983871345794,21880.973271511342
2024-02-26,22169.2,22202.15,22075.15,22122.05,207775504.0,20850.26,-0.004080998707946426,22138.164285714283,21804.98166666667,0.008321798865347525,56.88276617668503,22284.719766838847,21991.60880458972
2024-02-27,22090.2,22218.25,22085.65,22198.35,252199186.0,24620.71,0.0034490474436139618,22160.685714285715,21808.344999999998,0.00817398276389505,59.02573131546973,22283.94774837429,22037.423680197142
2024-02-28,22214.1,22229.15,21915.85,21951.15,202952371.0,20579.8,-0.011135962808046407,22136.242857142857,21805.640000000003,0.008415308995547354,57.80518042266706,22337.96218714192,21934.523527143796
2024-02-29,21935.2,22060.55,21860.65,21982.8,360165824.0,40196.12,0.0014418378991531977,22105.649999999998,21819.335,0.007442985930990204,56.85975214096713,22328.276630632317,21883.02336936768
2024-03-01,22048.3,22353.3,22047.75,22338.75,351503075.0,29646.47,0.016192204814673428,22146.178571428572,21848.551666666663,0.00787810008146446,71.60287922267669,22422.609659026384,21869.74748383076
2024-03-02,22406.95,22419.55,22367.05,22378.4,35763814.0,1918.77,0.0017749426445079486,22169.17142857143,21873.751666666663,0.007794312395833447,69.99856997111043,22495.532878792666,21842.809978350193
2024-03-04,22403.5,22440.9,22358.3,22405.6,298794435.0,23771.71,0.0012154577628427088,22196.728571428568,21901.545,0.007765991020473314,68.6015566628266,22569.51595880978,21823.941184047355
2024-03-05,22371.25,22416.9,22269.15,22356.3,296153036.0,29165.37,-0.0022003427714499812,22230.192857142858,21938.795,0.00713286780840276,64.91241708330837,22613.601079227283,21846.784635058433
2024-03-06,22327.5,22497.2,22224.35,22474.05,312262560.0,31029.01,0.005266971726090697,22269.57857142857,21972.798333333336,0.006989323583136918,64.56885687550107,22692.344459587148,21846.812683269993
2024-03-07,22505.3,22525.65,22430.0,22493.55,379865142.0,33558.46,0.000867667376374115,22347.064285714285,22010.83,0.006889444439411475,63.02431915869505,22688.467945694167,22005.660625734403
2024-03-11,22517.5,22526.6,22307.25,22332.65,277897373.0,27222.37,-0.007153161684127163,22397.04285714286,22030.664999999997,0.00635180794093516,54.650636364671314,22525.80358392687,22268.28213035885
2024-03-12,22334.45,22452.55,22256.0,22335.7,299201167.0,29781.12,0.0001365713428544968,22396.60714285714,22057.784999999996,0.006016913482939431,60.340330359362376,22526.305632036005,22266.908653678278
2024-03-13,22432.2,22446.75,21905.65,21997.7,493341697.0,40109.23,-0.015132724741109493,22342.221428571425,22066.85166666667,0.006515166362291117,43.18811863379591,22672.194472203548,22012.248384939303
2024-03-14,21982.55,22204.6,21917.5,22146.65,426742460.0,37348.3,0.006771162439709544,22305.22857142857,22081.825,0.00660703056002672,48.31595995871918,22659.22984664828,21951.227296208865
2024-03-15,22064.85,22120.9,21931.7,22023.35,661460455.0,60260.88,-0.005567433449302883,22257.664285714283,22087.47666666667,0.00658514623434887,47.39880175627431,22665.08385943117,21850.244711997395
2024-03-18,21990.1,22123.7,21916.55,22055.7,356321519.0,23015.51,0.0014688955131714199,22197.899999999998,22096.943333333333,0.006543705435573768,46.03413874427627,22579.082782052603,21816.717217947393
2024-03-19,21946.45,21978.3,21793.1,21817.45,344157465.0,30291.6,-0.010802196257656771,22101.31428571429,22093.21166666667,0.006724867700626751,46.236327692383334,22475.46412073716,21727.164450691416
2024-03-20,21843.9,21930.9,21710.2,21839.1,312414696.0,28939.85,0.0009923249508994036,22030.807142857142,22090.165,0.006728027669351864,45.916407006399645,22387.106143831406,21674.508141882878
2024-03-21,21989.9,22080.95,21941.3,22011.95,353172434.0,31258.4,0.007914703444739102,21984.557142857146,22099.965,0.006631246996511107,39.26094027890401,22219.569152682012,21749.54513303228
2024-03-22,21932.2,22180.7,21883.3,22096.75,388656439.0,39023.19,0.0038524528721899376,21998.707142857143,22110.44,0.006644636314482355,41.080701708932075,22248.852316896653,21748.561968817634
2024-03-26,21947.9,22073.2,21947.55,22004.7,328403719.0,33382.08,-0.004165770984420725,21978.428571428572,22123.395000000004,0.0065270667901609365,37.72285520858012,22193.105373910414,21763.75176894673
2024-03-27,22053.95,22193.6,22052.85,22123.65,409136866.0,38830.73,0.00540566333556014,21992.757142857143,22136.075,0.006514308475333963,43.28133565714951,22233.261289935574,21752.252995778712
2024-03-28,22163.6,22516.0,22163.6,22326.9,407422815.0,45656.57,0.009187001240753778,22031.5,22152.303333333333,0.0066664704209412175,46.08094777504896,22381.686569321773,21681.313430678227
2024-04-01,22455.0,22529.95,22427.75,22462.0,243637071.0,21420.69,0.00605099677966936,22123.578571428574,22170.678333333333,0.006722135691623115,49.38445498854533,22543.18914826202,21703.96799459513
2024-04-02,22458.8,22497.6,22388.15,22453.3,289524237.0,27940.93,-0.0003873208084765878,22211.321428571428,22184.431666666667,0.006656127281899074,53.67720796180971,22609.656341499183,21812.98651564367
2024-04-03,22385.7,22521.1,22346.5,22434.65,309647491.0,30793.28,-0.0008306128720498851,22271.70714285714,22194.845000000005,0.0066356679244796105,53.0288974342004,22656.941008747188,21886.47327696709
2024-04-04,22592.1,22619.0,22303.8,22514.65,400986156.0,40705.56,0.0035659125504521327,22331.407142857148,22205.435,0.006638596856331449,67.5141289120071,22719.62554972188,21943.188735992415
2024-04-05,22486.4,22537.6,22427.6,22513.7,242244731.0,24797.82,-4.2194748752555356e-05,22404.12142857143,22220.723333333335,0.0065114202303527095,63.814926200344914,22681.67245005006,22126.5704070928
2024-04-08,22578.35,22697.3,22550.35,22666.3,227633561.0,22480.2,0.006778095115418603,22481.64285714286,22235.685,0.00649163443478891,73.58886415856612,22687.487834642736,22275.79787964298
2024-04-09,22765.1,22768.4,22612.25,22642.75,232356772.0,21651.69,-0.0010389873953843276,22526.764285714282,22250.020000000004,0.006497330033482782,71.69990981305504,22711.726964060406,22341.801607368157
2024-04-10,22720.25,22775.7,22673.7,22753.8,276847931.0,25355.05,0.004904439610913025,22568.45,22271.07833333333,0.006478330008616093,88.27050059252296,22808.593984587067,22328.306015412934
2024-04-12,22677.4,22726.45,22503.75,22519.4,357187778.0,36456.91,-0.010301576000492085,22577.89285714286,22281.780000000002,0.006775718436145703,73.9755166255563,22801.53827164669,22354.24744263903
2024-04-15,22339.05,22427.45,22259.55,22272.5,355465814.0,29474.59,-0.010963880032327733,22554.72857142857,22292.491666666665,0.006765592576455815,58.9027311556404,22864.584558714865,22244.87258414228
2024-04-16,22125.3,22213.75,22079.45,22147.9,317267066.0,28661.04,-0.005594342799416285,22502.335714285717,22297.995000000003,0.0068534463271588235,51.854624313631376,22941.049146624307,22063.622281947126
2024-04-18,22212.35,22326.5,21961.7,21995.85,456906707.0,43314.67,-0.006865210697176827,22428.35714285714,22286.565000000002,0.006275005169209868,49.90821493702423,23009.616145450014,21847.09814026427
2024-04-19,21861.5,22179.55,21777.65,22147.0,362530569.0,36073.63,0.006871750807538657,22354.17142857143,22278.85166666667,0.0064062467059036385,50.90898647259196,22926.19324592094,21782.14961122192
2024-04-22,22336.9,22375.65,22198.15,22336.4,279259571.0,26841.2,0.008551948345148386,22310.407142857144,22276.545000000002,0.0066041139747135295,50.48044268112722,22823.20631221613,21797.607973498158
2024-04-23,22447.05,22447.55,22349.45,22368.0,231520813.0,25651.64,0.0014147311115488836,22255.292857142857,22276.935,0.006597105764624799,47.10968298387801,22601.60784107406,21908.977873211654
2024-04-24,22421.55,22476.45,22384.0,22402.4,235898642.0,21925.6,0.0015379113018598733,22238.578571428574,22274.54666666667,0.006529984779408361,48.54752424519386,22532.78196964797,21944.375173209177
2024-04-25,22316.9,22625.95,22305.25,22570.35,475044740.0,53803.8,0.007496964610934409,22281.12857142857,22277.10666666667,0.00667394386475117,54.15891788568111,22669.356648110097,21892.900494747042
2024-04-26,22620.4,22620.4,22385.55,22419.95,329887340.0,36984.89,-0.006663609558557937,22319.992857142857,22280.016666666666,0.006656083236709864,47.52361371386492,22700.369921946454,21939.61579233926
2024-04-29,22475.55,22655.8,22441.9,22643.4,291957361.0,32431.45,0.009966569952207793,22412.5,22290.273333333334,0.006893059614521606,53.42597143572861,22735.662141965957,22089.337858034043
2024-04-30,22679.65,22783.35,22568.4,22604.85,361859375.0,38741.7,-0.0017024828426828176,22477.907142857144,22310.511666666665,0.006250322258676767,48.57777018865036,22727.189134642744,22228.625151071545
2024-05-02,22567.85,22710.5,22567.85,22648.2,445909456.0,43133.31,0.001917730044658672,22522.450000000004,22327.23,0.00615593382040307,50.33682752177701,22765.07342563465,22279.826574365357
2024-05-03,22766.35,22794.7,22348.05,22475.85,438060727.0,44432.55,-0.007609876281558847,22537.85714285714,22342.313333333335,0.006239115317762136,43.171984132747525,22745.95053077531,22329.763754938973
2024-05-06,22561.6,22588.8,22409.45,22442.7,320255789.0,33417.53,-0.0014749164102803025,22543.614285714284,22355.213333333333,0.006249697303121098,48.01816345193505,22735.844215002908,22351.38435642566
2024-05-07,22489.75,22499.05,22232.05,22302.5,297815469.0,31512.26,-0.006247020189192987,22505.350000000002,22371.381666666664,0.00601404386718978,51.08242304600103,22766.88486701909,22243.815132980915
2024-05-08,22231.2,22368.65,22185.2,22302.5,277438692.0,29717.33,0.0,22488.571428571428,22386.82833333333,0.006015397931054923,55.26523283689747,22787.998714442027,22189.14414270083
2024-05-09,22224.8,22307.75,21932.4,21957.5,331327454.0,37870.88,-0.01546911781190452,22390.585714285717,22385.013333333332,0.006542570908560285,49.083897489210464,22856.30495987721,21924.866468694225
2024-05-10,21990.95,22131.3,21950.3,22055.2,265804411.0,28717.71,0.0044495047250370234,22312.06428571429,22383.628333333338,0.006555782998675353,47.42849635209764,22794.251464841138,21829.87710658744
2024-05-13,22027.95,22131.65,21821.05,22104.05,278186886.0,29036.08,0.0022148971671078765,22234.32857142857,22386.94,0.006520790233447968,42.54113940228496,22631.602238049574,21837.054904807566
2024-05-14,22112.9,22270.05,22081.25,22217.85,230238941.0,23741.66,0.005148377785971325,22197.471428571433,22390.08,0.006513833330420118,45.52492425875338,22533.298119277366,21861.6447378655
2024-05-15,22255.6,22297.55,22151.75,22200.55,231935478.0,23815.79,-0.000778653200017021,22162.87857142857,22385.868333333336,0.0062879145052277255,43.84898342521463,22421.93469698922,21903.822445867918
2024-05-16,22319.2,22432.25,22054.55,22403.85,368945092.0,38836.11,0.009157430784372478,22177.35714285714,22383.93,0.00641812275102916,45.12970628849829,22480.420169462595,21874.294116251687
2024-05-17,22415.25,22502.15,22345.65,22466.1,242654570.0,27388.67,0.002778540295529597,22200.72857142857,22384.356666666667,0.006438659156365424,51.70570994061762,22567.388208590655,21834.06893426649
2024-05-18,22512.85,22520.25,22470.05,22502.0,19064566.0,1572.77,0.0015979631533733496,22278.514285714286,22386.601666666666,0.006442613477627271,45.03057838441843,22635.267186726986,21921.761384701585
2024-05-21,22404.55,22591.1,22404.55,22529.05,347591587.0,30782.35,0.0012021153675227936,22346.20714285714,22387.081666666665,0.006413405505333131,47.407806394696344,22684.56746573095,22007.84681998333
2024-05-22,22576.6,22629.5,22483.15,22597.8,290345590.0,28556.14,0.003051615580772271,22416.742857142854,22389.885,0.006436848928272679,48.38252851983046,22723.9490171754,22109.536697110307
2024-05-23,22614.1,22993.6,22577.45,22967.65,369767547.0,39157.65,0.016366637460283773,22523.85714285714,22399.93,0.0069917409420878875,65.72661165186699,22989.46746429409,22058.24682142019
2024-05-24,22930.75,23026.4,22908.0,22957.1,261927120.0,27966.99,-0.0004593417262978017,22631.93571428571,22410.40833333333,0.006988244342928667,66.6951128980797,23098.550815178307,22165.320613393116
2024-05-27,23038.95,23110.8,22871.2,22932.45,260006078.0,27204.54,-0.001073741892486324,22707.45,22416.363333333335,0.006942914687799091,72.10756068158992,23172.8984360987,22242.0015639013
2024-05-28,22977.15,22998.55,22858.5,22888.15,217890750.0,23054.65,-0.0019317604529824894,22767.742857142854,22428.655000000002,0.006665498925181755,69.98674497152894,23195.07523140825,22340.410482877458
2024-05-29,22762.75,22825.5,22685.45,22704.7,269932784.0,27549.09,-0.008015064563977492,22796.7,22443.061666666665,0.006509572885175973,78.94645561503089,23163.128674278363,22430.27132572164
2024-05-30,22617.45,22705.75,22417.0,22488.65,373374457.0,32991.46,-0.009515650944518117,22790.928571428572,22454.42,0.006676739054139237,65.59709774175263,23177.736081081464,22404.12106177568
2024-05-31,22568.1,22653.75,22465.1,22530.7,572122639.0,67040.32,0.0018698321153114428,22781.34285714286,22472.248333333333,0.006531986305232431,65.40850589382573,23193.011929046454,22369.673785239265
2024-06-03,23337.9,23338.7,23062.3,23263.9,569425569.0,56418.25,0.03254226455458564,22823.664285714283,22509.478333333333,0.008680060098300003,75.8976474964574,23365.15633463807,22282.172236790495
2024-06-04,23179.5,23179.5,21281.45,21884.5,1006105058.0,93786.44,-0.05929358362097503,22670.435714285715,22494.414999999997,0.01402182479363305,46.06237574645129,23542.09771245225,21798.77371611918
2024-06-05,22128.35,22670.4,21791.95,22620.35,638487077.0,64326.85,0.03362425460942675,22625.850000000002,22502.826666666664,0.015350353523173429,53.67640951506302,23466.339480402177,21785.360519597827
2024-06-06,22798.6,22910.15,22642.6,22821.4,480413289.0,49047.39,0.008888014553267487,22616.31428571429,22516.79333333333,0.015426132058195685,55.25368132286483,23444.3383810044,21788.290190424177
2024-06-07,22821.85,23320.2,22789.05,23290.15,473554898.0,47621.54,0.020539931818380985,22699.95,22540.786666666667,0.0158025009053294,59.5263389353548,23674.873538882268,21725.026461117734
2024-06-10,23319.15,23411.9,23227.15,23259.2,304392368.0,29060.4,-0.0013288879633664985,22810.028571428575,22568.761666666665,0.015741214493830754,58.88272447304325,23845.72662565281,21774.33051720434
2024-06-11,23283.75,23389.45,23206.65,23264.85,305185666.0,29190.91,0.00024291463162962046,22914.907142857144,22589.47666666667,0.015657501415009198,58.29258179434255,23967.15779966947,21862.65648604482
2024-06-12,23344.45,23441.95,23295.95,23322.95,295630910.0,31795.48,0.0024973296625596664,22923.342857142856,22613.413333333334,0.015651065922199354,55.11116701921748,23989.504820180664,21857.180894105048
2024-06-13,23480.95,23481.05,23353.9,23398.9,268279841.0,30151.67,0.00325644911985834,23139.68571428571,22638.436666666665,0.015655199740048444,56.04006614189547,23730.945661952006,22548.425766619417
2024-06-14,23464.95,23490.4,23334.25,23465.6,223086741.0,25746.34,0.002850561351174452,23260.43571428571,22671.428333333333,0.015568287228106811,57.0351655947723,23675.83037688304,22845.041051688382
2024-06-18,23570.8,23579.05,23499.7,23557.9,272207297.0,29389.75,0.003933417428064967,23365.649999999998,22708.60166666667,0.015563288121612147,58.51701080126203,23592.323642049683,23138.976357950312
2024-06-19,23629.85,23664.0,23412.9,23516.0,328811255.0,39430.39,-0.0017785965642099777,23397.91428571429,22749.05166666667,0.015505521448624694,60.520392892376016,23638.315885225795,23157.512686202786
2024-06-20,23586.15,23624.0,23442.6,23567.0,280336970.0,33390.07,0.0021687361796223215,23441.885714285716,22791.201666666668,0.015501482259170814,64.30446542979224,23676.411211935098,23207.360216636334
2024-06-21,23661.15,23667.1,23398.2,23501.1,609877803.0,70062.97,-0.0027962829380066,23475.635714285712,22842.655000000002,0.01517953599521907,62.90150413577383,23652.071847341533,23299.199581229892
2024-06-24,23382.3,23558.1,23350.0,23537.85,239358460.0,24862.37,0.0015637565901169825,23506.335714285717,22892.076666666664,0.015175114237214543,54.96260886513356,23623.680856413648,23388.990572157785
2024-06-25,23577.1,23754.15,23562.05,23721.3,298111025.0,34263.36,0.007793829937738694,23552.39285714286,22945.985,0.015208383969584988,93.66976208595221,23716.655273503522,23388.130440782195
2024-06-26,23723.1,23889.9,23670.45,23868.8,287824687.0,33979.62,0.006218040326626317,23609.992857142857,23001.016666666666,0.015216131564308842,91.03544048341968,23880.584027413886,23339.401686871828
2024-06-27,23881.55,24087.45,23805.4,24044.5,515227010.0,61216.71,0.007361073870492119,23679.507142857143,23062.481666666667,0.015228113436724769,90.8226565349929,24097.507551264418,23261.506734449868
2024-06-28,24085.9,24174.0,23985.8,24010.6,354779832.0,41242.87,-0.0014098858366778932,23750.16428571428,23116.039999999997,0.015197625536995633,83.81926604499674,24204.79042044592,23295.53815098264
2024-07-01,23992.95,24164.0,23992.7,24141.95,242468081.0,28204.06,0.005470500528933053,23832.299999999996,23171.90166666667,0.015207729834571372,87.87069605771325,24337.440472212184,23327.159527787808
2024-07-02,24228.75,24236.35,24056.4,24123.85,309629240.0,34838.65,-0.0007497323124272537,23921.264285714286,23225.963333333333,0.01521864558633764,86.48998630887492,24370.453034884435,23472.075536544136
2024-07-03,24291.75,24309.15,24207.1,24286.5,289201551.0,36661.17,0.006742290306066545,24028.214285714286,23284.545,0.015236756088994833,87.55018474294643,24401.46870615837,23654.9598652702
2024-07-04,24369.95,24401.0,24281.0,24302.15,251189844.0,28466.6,0.0006443909167646034,24111.192857142858,23341.35666666667,0.015240747979567088,86.91850350123467,24418.46536067787,23803.920353607846
2024-07-05,24213.35,24363.0,24168.85,24323.85,298381204.0,32052.48,0.0008929251115641357,24176.2,23386.563333333335,0.015016898197158271,86.40139883588255,24432.470495115558,23919.929504884443
2024-07-08,24329.45,24344.6,24240.55,24320.55,266299131.0,26356.03,-0.00013566931221820067,24215.635714285712,23432.01166666667,0.0150151679654287,84.9752647828994,24462.10092964289,23969.170498928535
2024-07-09,24351.0,24443.6,24331.9,24433.2,250537091.0,29361.08,0.004631885380881551,24276.007142857143,23482.036666666667,0.015010558309488765,89.51898876738954,24493.41499635378,24058.599289360507
2024-07-10,24459.85,24461.05,24141.8,24324.45,292263786.0,35358.54,-0.004450911055449147,24302.07857142857,23529.91333333333,0.015041633185806225,81.2381810627574,24485.593546813652,24118.56359604349
2024-07-11,24396.55,24402.65,24193.75,24315.95,306404194.0,32115.44,-0.00034944263899083783,24329.52142857143,23583.621666666666,0.014927820235141312,85.34392492634318,24424.99163085424,24234.051226288615
2024-07-12,24387.95,24592.2,24331.15,24502.15,325823474.0,39565.33,0.007657525204649573,24360.32857142857,23650.738333333335,0.014783810130287942,86.98241032222903,24513.033208524466,24207.623934332674
2024-07-15,24587.6,24635.05,24522.75,24586.7,305395934.0,31593.04,0.0034507175900890807,24400.97857142857,23719.271666666667,0.014782571231048482,85.85539217621599,24618.954685236007,24183.002457621136
2024-07-16,24615.9,24661.25,24587.65,24613.0,283212233.0,28668.71,0.001069684016155037,24442.285714285714,23764.241666666665,0.013691922375795952,84.23773500493327,24698.320462671687,24186.25096589974
2024-07-18,24543.8,24837.75,24504.45,24800.85,350924425.0,40477.17,0.0076321456141064115,24510.9,23861.45333333333,0.0073476604659600065,84.33208080094326,24856.466211697247,24165.333788302756
2024-07-19,24853.8,24854.8,24508.15,24530.9,,,-0.010884707580586794,24524.85714285714,23925.138333333332,0.005451259411873838,69.74123796819033,24863.602973968547,24186.111311745735
2024-07-22,24445.75,24595.2,24362.3,24509.25,324190553.0,32496.23,-0.0008825603626446687,24551.257142857143,23981.4,0.0053612173047139,65.21541249103596,24842.604526739953,24259.909758974332
2024-07-23,24568.9,24582.55,24074.2,24479.05,436408768.0,44921.42,-0.0012321878474453873,24574.557142857142,24021.030000000002,0.004159144698266116,64.59430365995908,24795.71943190154,24353.394853812744
2024-07-24,24444.95,24504.25,24307.25,24413.5,366616574.0,39538.11,-0.002677799996323338,24561.89285714286,24059.506666666668,0.004199768372199928,55.75842569027052,24810.81460809154,24312.971106194178
2024-07-25,24230.95,24426.15,24210.8,24406.1,391821970.0,37853.62,-0.00030311098367707956,24536.092857142856,24097.548333333332,0.004207138339898763,54.776617899002055,24809.271183690475,24262.914530595237
2024-07-26,24423.35,24861.15,24410.9,24834.85,383826136.0,42118.36,0.017567329479105664,24567.785714285714,24147.945,0.005118241185772744,66.76016730559853,24922.04518470404,24213.52624386739
2024-07-29,24943.3,24999.75,24774.6,24836.1,354966070.0,37102.92,5.0332496471794386e-05,24572.821428571428,24195.851666666666,0.005126909685368654,66.93092306060609,24943.17778334873,24202.465073794127
2024-07-30,24839.4,24971.75,24798.65,24857.3,384989431.0,37576.58,0.0008535961765334665,24619.45,24242.241666666665,0.005128470791359232,64.81544392987738,25043.475808963074,24195.424191036927
2024-07-31,24886.7,24984.6,24856.5,24951.15,333646302.0,35411.32,0.003775550844218989,24682.57857142857,24288.683333333334,0.005126430179304739,72.0316236846935,25158.450517989757,24206.706624867384
2024-08-01,25030.95,25078.3,24956.4,25010.9,431313292.0,38822.9,0.0023946792031630526,24758.557142857146,24338.51333333333,0.005078731283951435,73.55641717964733,25252.27976548585,24264.83452022844
2024-08-02,24789.0,24851.9,24686.85,24717.7,345027881.0,35368.54,-0.011722888820474342,24802.014285714286,24376.87,0.005668370957696602,57.047412136381155,25197.849481700043,24406.17908972853
2024-08-05,24302.85,24350.05,23893.7,24055.6,486994718.0,45066.65,-0.026786472851438536,24751.942857142858,24395.353333333333,0.007654934590741484,37.96215575441452,25393.744686444836,24110.14102784088
2024-08-06,24189.85,24382.6,23960.4,23992.55,312339387.0,31553.65,-0.0026210113237665755,24631.614285714284,24410.510000000002,0.007678744768650179,36.10657268267364,25482.619786507952,23780.608784920616
2024-08-07,24289.4,24337.7,24184.9,24297.5,317564429.0,29738.85,0.012710195456506312,24554.671428571426,24429.716666666667,0.007885768321262577,39.541314210195694,25416.720177883555,23692.622679259297
2024-08-08,24248.55,24340.5,24079.7,24117.0,311875940.0,30858.18,-0.007428747813561065,24448.914285714283,24437.99,0.007957555556360855,41.04289097251565,25319.305877115006,23578.52269431356
2024-08-09,24386.85,24419.75,24311.2,24367.5,215129992.0,22339.19,0.010386864037815746,24365.535714285714,24448.756666666668,0.008067561831347532,47.49595387809572,25114.800221907077,23616.27120666435
2024-08-12,24320.05,24472.8,24212.1,24347.0,279925100.0,30311.85,-0.0008412844977941925,24270.692857142854,24459.970000000005,0.008063644192822643,47.68139487579202,24762.61310280811,23778.772611477598
2024-08-13,24342.35,24359.95,24116.5,24139.0,239727640.0,25459.58,-0.008543146999630324,24188.02142857143,24459.871666666666,0.008170696061191333,45.04265005515824,24485.414500992323,23890.628356150533
2024-08-14,24184.4,24196.5,24099.7,24143.75,303254705.0,27834.61,0.00019677699987563635,24200.614285714284,24460.535,0.008169415305252557,45.27373736078597,24478.67713660909,23922.551434819477
2024-08-16,24334.85,24563.9,24204.5,24541.15,271611087.0,28521.9,0.016459746311157097,24278.985714285718,24469.02333333333,0.008623532495001524,44.6952021043551,24590.602662446567,23967.36876612487
2024-08-19,24636.35,24638.8,24522.95,24572.65,243645503.0,22124.41,0.001283558431450782,24318.29285714286,24478.039999999997,0.008624987937399284,45.33860213336654,24701.905732442123,23934.679981843597
2024-08-20,24648.9,24734.3,24607.2,24698.85,238318940.0,25478.73,0.005135791215029606,24401.41428571429,24490.539999999997,0.008667941989479398,47.46098620431973,24830.893799056983,23971.9347723716
2024-08-21,24680.55,24787.95,24654.5,24770.2,257114212.0,27404.63,0.002888798466325504,24458.942857142858,24505.528333333332,0.008677317112115494,47.035125953717134,24967.77481836584,23950.110895919875
2024-08-22,24863.4,24867.35,24784.45,24811.5,220345125.0,24227.03,0.0016673260611541618,24525.3,24518.138333333332,0.008647204233798065,46.68062846068014,25084.649258811925,23965.950741188073
2024-08-23,24845.4,24858.4,24771.65,24823.15,206800655.0,23134.22,0.0004695403341192783,24623.035714285714,24534.761666666665,0.00859561785965822,52.55490227824774,25100.47920732728,24145.592221244147
2024-08-26,24906.1,25043.8,24874.7,25010.6,210266456.0,22166.86,0.007551418736139404,24746.87142857143,24557.916666666668,0.008682555041618231,75.14307369873421,25068.40185666585,24425.341000477012
2024-08-27,25024.8,25073.1,24973.65,25017.75,223346636.0,26695.0,0.0002858787873942781,24814.957142857143,24575.103333333333,0.008590767024840688,77.83337568736923,25135.037306923386,24494.8769787909
2024-08-28,25030.8,25129.6,24964.65,25052.35,220419448.0,26994.19,0.0013830180571794415,24883.485714285714,24590.625,0.008576470434827257,73.94190165163815,25164.49156069177,24602.479867879658
2024-08-29,25035.3,25192.9,24998.5,25151.95,353993900.0,43221.73,0.003975674936682605,24948.214285714286,24608.59,0.008597626883408652,84.6330240170779,25239.304922883737,24657.123648544835
2024-08-30,25249.7,25268.35,25199.4,25235.9,638166179.0,89554.91,0.0033377133780880808,25014.742857142857,24623.091666666667,0.008514579766663456,82.62775218837069,25327.99703204773,24701.488682237985
2024-09-02,25333.6,25333.65,25235.5,25278.7,222815249.0,28187.71,0.0016959965763059248,25081.485714285714,24648.018333333333,0.008233852689993052,84.43144838088175,25391.72832748982,24771.24310108161
2024-09-03,25313.4,25321.7,25235.8,25279.85,212131921.0,27276.14,4.5492845755390476e-05,25146.72857142857,24673.705,0.008228143781524807,100.0,25387.823786763165,24905.63335609398
2024-09-04,25089.95,25216.0,25083.8,25198.7,253788501.0,26293.35,-0.003210066515426213,25173.600000000002,24697.693333333333,0.008255067433882301,93.50057668930592,25383.84728297909,24963.352717020913
2024-09-05,25250.5,25275.45,25127.75,25145.1,222242223.0,26272.38,-0.002127093858016571,25191.792857142857,24722.079999999998,0.008247217111657752,84.77592401364348,25356.134061436424,25027.45165284929
2024-09-06,25093.7,25168.75,24801.3,24852.15,311671856.0,33001.17,-0.0116503811875871,25163.192857142858,24736.94833333333,0.008564008846427763,62.60243450943867,25458.375610865576,24868.01010342014
2024-09-09,24823.4,24957.5,24753.15,24936.4,254367252.0,25180.28,0.003390048748297403,25132.4,24740.333333333332,0.007968123286104089,61.10772669612192,25474.32639071408,24790.473609285924
2024-09-10,24999.4,25130.5,24896.8,25041.1,251274802.0,27846.31,0.00419868144559743,25104.571428571428,24747.166666666668,0.008001953955059937,62.24011647729149,25438.80978592124,24770.333071221616
2024-09-11,25034.0,25113.7,24885.15,24918.45,279229206.0,29395.73,-0.004897947773859657,25053.10714285714,24749.205,0.008057071840487177,54.61226780890922,25372.85009914442,24733.364186569863
2024-09-12,25059.65,25433.35,24941.45,25388.9,380069653.0,41747.91,0.018879585206944993,25068.685714285715,24763.79666666667,0.008737016051096242,67.15320660023946,25445.513715343288,24691.857713228143
2024-09-13,25430.45,25430.5,25292.45,25356.5,250781898.0,25530.69,-0.001276148238009589,25091.22857142857,24775.316666666666,0.008736965037133369,61.62351769948833,25519.694905606535,24662.76223725061
2024-09-16,25406.65,25445.7,25336.2,25383.75,168694880.0,18705.01,0.0010746751326089488,25125.321428571428,24797.518333333333,0.008426790831381844,62.11861059146921,25608.3021005697,24642.340756573154
2024-09-17,25416.9,25441.65,25352.25,25418.55,215956868.0,25280.83,0.0013709558280394774,25206.235714285714,24842.95,0.006605575701196408,62.11113585650576,25664.810323679918,24747.66110489151
2024-09-18,25402.4,25482.2,25285.55,25377.55,215727159.0,28832.0,-0.0016129952337957665,25269.257142857143,24889.116666666665,0.006584527808195735,57.843171927017956,25672.718315828388,24865.795969885898
2024-09-19,25487.05,25611.95,25376.05,25415.8,314461263.0,34389.27,0.0015072376963103373,25322.785714285714,24926.39333333333,0.006259572401131429,56.48787337776605,25681.982362907394,24963.589065664033
2024-09-20,25525.95,25849.25,25426.6,25790.95,533067422.0,68915.27,0.014760503308965278,25447.428571428572,24982.191666666666,0.006473043264806469,64.60858406639449,25753.449141854653,25141.40800100249
2024-09-23,25872.55,25956.0,25847.35,25939.05,209187756.0,24825.74,0.005742324342453475,25526.02142857143,25034.576666666664,0.006325824798999544,67.27202585313513,25998.956279113485,25053.08657802937
2024-09-24,25921.45,26011.55,25886.85,25940.4,384115033.0,35573.63,5.204508260714391e-05,25609.43571428571,25087.69,0.006313569535536026,70.2724275381987,26144.703587144133,25074.16784142729
2024-09-25,25899.45,26032.8,25871.35,26004.15,278540972.0,27868.08,0.0024575565527131804,25698.064285714285,25149.861666666668,0.005982826033204509,73.3262209204293,26263.542079897557,25132.586491531012
2024-09-26,26005.4,26250.9,25998.4,26216.05,370895477.0,40838.36,0.0081486993422204,25811.992857142857,25218.938333333335,0.006052951062272817,88.77445847271386,26433.266083210634,25190.71963107508
2024-09-27,26248.25,26277.35,26151.4,26178.95,490332370.0,55420.63,-0.0014151636116043198,25926.47857142857,25273.531666666666,0.005514339942632633,86.34569246623603,26463.841719455333,25389.11542340181
2024-09-30,26061.3,26134.7,25794.1,25810.85,375370974.0,36028.06,-0.014060915353747983,25982.914285714283,25314.805,0.0062605822874525156,69.88849596075656,26312.9861602826,25652.842411145968
2024-10-01,25788.45,25907.6,25739.2,25796.9,247423786.0,27473.29,-0.0005404703835788505,25983.764285714286,25351.40666666667,0.0062376132683281205,74.06600718675519,26311.551954357226,25655.976617071345
2024-10-03,25452.85,25639.45,25230.3,25250.1,423395030.0,45689.5,-0.0211963452973033,25885.342857142856,25367.403333333332,0.007475771541572714,46.684190541729166,26533.223302463335,25237.462411822376
2024-10-04,25181.9,25485.05,24966.8,25014.6,374914801.0,42719.71,-0.009326695735858426,25753.085714285717,25374.173333333332,0.007691396185946759,42.17057559252412,26670.45215454521,24835.71927402622
2024-10-07,25084.1,25143.0,24694.35,24795.75,374345795.0,40550.24,-0.008748890647861551,25580.457142857143,25373.26,0.007866556432461114,37.43019936684864,26708.049210685156,24452.86507502913
2024-10-08,24832.2,25044.0,24756.8,25013.15,333220055.0,33493.36,0.008767631549761568,25408.614285714284,25373.344999999998,0.00790986593936566,42.13652855935027,26447.313840789942,24369.914730638626
2024-10-09,25065.8,25234.05,24947.7,24981.95,290562844.0,30877.63,-0.0012473438971101203,25237.614285714288,25372.15166666667,0.007913132855493644,42.29379089815703,26055.042549058762,24420.186022369813
2024-10-10,25067.05,25134.05,24979.4,24998.45,261364749.0,28046.45,0.0006604768642959336,25121.557142857142,25370.355,0.007909822332093912,41.79069358588427,25773.016528719876,24470.097756994408
2024-10-11,24985.3,25028.65,24920.05,24964.25,210462717.0,21734.97,-0.0013680848212589414,25002.60714285714,25364.09833333333,0.007876336466118372,30.846671811440388,25268.70592419341,24736.50836152087
2024-10-14,25023.45,25159.75,25017.5,25127.95,206423311.0,21270.9,0.006557377049180246,24985.157142857144,25360.5,0.007948088478062474,31.513320459005953,25182.70788257224,24787.60640314205
2024-10-15,25186.3,25212.05,25008.15,25057.35,257228772.0,29113.88,-0.002809620362982379,24991.264285714286,25353.121666666666,0.007955306277523697,30.45834565381091,25195.589661151833,24786.938910276738
2024-10-16,25008.55,25093.4,24908.45,24971.3,226774456.0,24115.83,-0.0034341221238478603,25016.342857142856,25342.836666666666,0.007976000223609048,27.337655869525918,25132.94326349713,24899.74245078858
